<?xml version="1.0"?>
<ListRequest xmlns:xsi="http://www.w3.org/2001/XMLSchema-instance" xmlns:xsd="http://www.w3.org/2001/XMLSchema">
  <Requests>
    <Request>
      <Id>2</Id>
      <Destination>Баку</Destination>
      <FlightNumber>Злобин Е. М.</FlightNumber>
      <FullName>FDW386</FullName>
      <Date>2021-02-16T00:00:00</Date>
    </Request>
    <Request>
      <Id>3</Id>
      <Destination>Багдад</Destination>
      <FlightNumber>Крюкова М. Т.</FlightNumber>
      <FullName>DKW3697</FullName>
      <Date>2021-11-19T00:00:00</Date>
    </Request>
    <Request>
      <Id>4</Id>
      <Destination>Осло</Destination>
      <FlightNumber>Романов Т. Е.</FlightNumber>
      <FullName>HDW194</FullName>
      <Date>2021-08-01T00:00:00</Date>
    </Request>
    <Request>
      <Id>5</Id>
      <Destination>Сараево</Destination>
      <FlightNumber>Ильина М. Б.</FlightNumber>
      <FullName>LDW1856</FullName>
      <Date>2021-03-21T00:00:00</Date>
    </Request>
    <Request>
      <Id>6</Id>
      <Destination>Москва</Destination>
      <FlightNumber>Романов Т. Е.</FlightNumber>
      <FullName>DKW3697</FullName>
      <Date>2021-10-02T00:00:00</Date>
    </Request>
    <Request>
      <Id>7</Id>
      <Destination>Белград</Destination>
      <FlightNumber>Сергеева В. С.</FlightNumber>
      <FullName>DKW3697</FullName>
      <Date>2021-02-10T00:00:00</Date>
    </Request>
    <Request>
      <Id>8</Id>
      <Destination>Баку</Destination>
      <FlightNumber>Федорова Е. Т.</FlightNumber>
      <FullName>BDW2034</FullName>
      <Date>2021-10-18T00:00:00</Date>
    </Request>
    <Request>
      <Id>9</Id>
      <Destination>Москва</Destination>
      <FlightNumber>Медведев Т. А.</FlightNumber>
      <FullName>LDW1856</FullName>
      <Date>2021-07-15T00:00:00</Date>
    </Request>
    <Request>
      <Id>10</Id>
      <Destination>Минск</Destination>
      <FlightNumber>Поляков М. П.</FlightNumber>
      <FullName>LDW1856</FullName>
      <Date>2021-02-05T00:00:00</Date>
    </Request>
    <Request>
      <Id>11</Id>
      <Destination>Лондон</Destination>
      <FlightNumber>Прокофьева А. С.</FlightNumber>
      <FullName>DKW3697</FullName>
      <Date>2021-11-21T00:00:00</Date>
    </Request>
    <Request>
      <Id>12</Id>
      <Destination>Люксембург</Destination>
      <FlightNumber>Сухарев Н. М.</FlightNumber>
      <FullName>FDW3484</FullName>
      <Date>2021-05-04T00:00:00</Date>
    </Request>
    <Request>
      <Id>13</Id>
      <Destination>Минск</Destination>
      <FlightNumber>Литвинова К. И.</FlightNumber>
      <FullName>WDW753</FullName>
      <Date>2021-08-21T00:00:00</Date>
    </Request>
    <Request>
      <Id>14</Id>
      <Destination>Лондон</Destination>
      <FlightNumber>Моисеева В. А.</FlightNumber>
      <FullName>LDW1856</FullName>
      <Date>2021-08-04T00:00:00</Date>
    </Request>
    <Request>
      <Id>15</Id>
      <Destination>Сараево</Destination>
      <FlightNumber>Копылов В. А.</FlightNumber>
      <FullName>EUW1145</FullName>
      <Date>2021-02-20T00:00:00</Date>
    </Request>
    <Request>
      <Id>16</Id>
      <Destination>Буэнос-Айрес</Destination>
      <FlightNumber>Прокофьева А. С.</FlightNumber>
      <FullName>BDW2034</FullName>
      <Date>2021-07-24T00:00:00</Date>
    </Request>
  </Requests>
</ListRequest>