<?xml version="1.0"?>
<SerializeModel xmlns:xsi="http://www.w3.org/2001/XMLSchema-instance" xmlns:xsd="http://www.w3.org/2001/XMLSchema">
  <Name>Закажи сегодня</Name>
  <Tickets>
    <Ticket>
      <Number>38400</Number>
      <Destination>Париж, шарль де-Голль</Destination>
      <Flight>AFL033</Flight>
      <PaxFullName>Жукова Р.Б.</PaxFullName>
      <DepartureDate>2022-12-28T00:00:00</DepartureDate>
    </Ticket>
    <Ticket>
      <Number>13377</Number>
      <Destination>Париж, шарль де-Голль</Destination>
      <Flight>AFL033</Flight>
      <PaxFullName>Янковский В.В.</PaxFullName>
      <DepartureDate>2021-06-01T00:00:00</DepartureDate>
    </Ticket>
    <Ticket>
      <Number>26087</Number>
      <Destination>Иваново</Destination>
      <Flight>AFL002</Flight>
      <PaxFullName>Олегова И.В.</PaxFullName>
      <DepartureDate>2022-04-14T00:00:00</DepartureDate>
    </Ticket>
    <Ticket>
      <Number>43623</Number>
      <Destination>Москва, Внуково</Destination>
      <Flight>АФ9811</Flight>
      <PaxFullName>Денисова Д.А.</PaxFullName>
      <DepartureDate>2022-02-19T00:00:00</DepartureDate>
    </Ticket>
    <Ticket>
      <Number>70875</Number>
      <Destination>Геленджик</Destination>
      <Flight>FL91AS</Flight>
      <PaxFullName>Горбовски Д.В.</PaxFullName>
      <DepartureDate>2021-10-14T00:00:00</DepartureDate>
    </Ticket>
    <Ticket>
      <Number>46016</Number>
      <Destination>Шарм-эш-Шейх</Destination>
      <Flight>PB1233</Flight>
      <PaxFullName>Каммерер М.А.</PaxFullName>
      <DepartureDate>2022-01-19T00:00:00</DepartureDate>
    </Ticket>
    <Ticket>
      <Number>43827</Number>
      <Destination>Берлин</Destination>
      <Flight>ALF081</Flight>
      <PaxFullName>Горбовски Д.В.</PaxFullName>
      <DepartureDate>2021-08-10T00:00:00</DepartureDate>
    </Ticket>
    <Ticket>
      <Number>14675</Number>
      <Destination>Берлин</Destination>
      <Flight>ALF081</Flight>
      <PaxFullName>Каммерер М.А.</PaxFullName>
      <DepartureDate>2021-12-02T00:00:00</DepartureDate>
    </Ticket>
    <Ticket>
      <Number>81624</Number>
      <Destination>Симферополь</Destination>
      <Flight>PB0911</Flight>
      <PaxFullName>Соколов Д.В.</PaxFullName>
      <DepartureDate>2021-06-09T00:00:00</DepartureDate>
    </Ticket>
    <Ticket>
      <Number>61901</Number>
      <Destination>Париж, Орли</Destination>
      <Flight>AFL021</Flight>
      <PaxFullName>Олегова И.В.</PaxFullName>
      <DepartureDate>2021-07-08T00:00:00</DepartureDate>
    </Ticket>
    <Ticket>
      <Number>54985</Number>
      <Destination>Париж, шарль де-Голль</Destination>
      <Flight>AFL033</Flight>
      <PaxFullName>Олегова И.В.</PaxFullName>
      <DepartureDate>2022-09-02T00:00:00</DepartureDate>
    </Ticket>
    <Ticket>
      <Number>42038</Number>
      <Destination>Ростов-на-дону</Destination>
      <Flight>FL98AS</Flight>
      <PaxFullName>Дунаев В.Б.</PaxFullName>
      <DepartureDate>2022-06-26T00:00:00</DepartureDate>
    </Ticket>
  </Tickets>
</SerializeModel>