<?xml version="1.0"?>
<ArrayOfWorker xmlns:xsi="http://www.w3.org/2001/XMLSchema-instance" xmlns:xsd="http://www.w3.org/2001/XMLSchema">
  <Worker>
    <FirstName>Марина</FirstName>
    <LastName>Иванова</LastName>
    <Age>29</Age>
    <Company>
      <Name>Contoso</Name>
      <Amount>23000000</Amount>
    </Company>
  </Worker>
  <Worker>
    <FirstName>Леонид</FirstName>
    <LastName>Романов</LastName>
    <Age>25</Age>
    <Company>
      <Name>Contoso</Name>
      <Amount>23000000</Amount>
    </Company>
  </Worker>
  <Worker>
    <FirstName>Ирина</FirstName>
    <LastName>Серова</LastName>
    <Age>23</Age>
    <Company>
      <Name>Amazon</Name>
      <Amount>23000</Amount>
    </Company>
  </Worker>
  <Worker>
    <FirstName>Джефф</FirstName>
    <LastName>Безос</LastName>
    <Age>23</Age>
    <Company>
      <Name>Amazon</Name>
      <Amount>23000</Amount>
    </Company>
  </Worker>
  <Worker>
    <FirstName>Игорь</FirstName>
    <LastName>Михайлов</LastName>
    <Age>37</Age>
    <Company>
      <Name>Борей</Name>
      <Amount>23000</Amount>
    </Company>
  </Worker>
  <Worker>
    <FirstName>Илон</FirstName>
    <LastName>Маск</LastName>
    <Age>42</Age>
    <Company>
      <Name>SpaceX</Name>
      <Amount>500000000</Amount>
    </Company>
  </Worker>
  <Worker>
    <FirstName>Тони</FirstName>
    <LastName>Старк</LastName>
    <Age>48</Age>
    <Company>
      <Name>Stark Industries</Name>
      <Amount>1200000000</Amount>
    </Company>
  </Worker>
</ArrayOfWorker>