<?xml version="1.0"?>
<ArrayOfApplication xmlns:xsi="http://www.w3.org/2001/XMLSchema-instance" xmlns:xsd="http://www.w3.org/2001/XMLSchema">
  <Application>
    <Number>35</Number>
    <Destination>Барселона,Испания</Destination>
    <FlightNumber>AB4616</FlightNumber>
    <Name>Шеремет Е.А.</Name>
    <FlightDate>2021-03-14T00:00:00</FlightDate>
  </Application>
  <Application>
    <Number>45</Number>
    <Destination>Палембанг,Индонезия</Destination>
    <FlightNumber>RX1561</FlightNumber>
    <Name>Чепикова У.Ю.</Name>
    <FlightDate>2021-11-04T00:00:00</FlightDate>
  </Application>
  <Application>
    <Number>13</Number>
    <Destination>Иркутск,Россия</Destination>
    <FlightNumber>ZH2782</FlightNumber>
    <Name>Золотарева Е.К.</Name>
    <FlightDate>2022-09-23T00:00:00</FlightDate>
  </Application>
  <Application>
    <Number>64</Number>
    <Destination>Кабул,Афганистан</Destination>
    <FlightNumber>EB2832</FlightNumber>
    <Name>Ровенский Б.Ю.</Name>
    <FlightDate>2022-11-01T00:00:00</FlightDate>
  </Application>
  <Application>
    <Number>22</Number>
    <Destination>Багдад,Ирак</Destination>
    <FlightNumber>ID2082</FlightNumber>
    <Name>Шеремет Е.А.</Name>
    <FlightDate>2022-11-22T00:00:00</FlightDate>
  </Application>
  <Application>
    <Number>11</Number>
    <Destination>Барселона,Испания</Destination>
    <FlightNumber>WB4612</FlightNumber>
    <Name>Золотарева Е.К.</Name>
    <FlightDate>2021-11-28T00:00:00</FlightDate>
  </Application>
  <Application>
    <Number>62</Number>
    <Destination>Москва,Россия</Destination>
    <FlightNumber>MG1633</FlightNumber>
    <Name>Ерхов Г.П</Name>
    <FlightDate>2022-06-21T00:00:00</FlightDate>
  </Application>
  <Application>
    <Number>31</Number>
    <Destination>Париж,Франция</Destination>
    <FlightNumber>EQ4982</FlightNumber>
    <Name>Нестерцов В.И</Name>
    <FlightDate>2021-12-11T00:00:00</FlightDate>
  </Application>
  <Application>
    <Number>78</Number>
    <Destination>Лондон,Великобритания</Destination>
    <FlightNumber>DJ3921</FlightNumber>
    <Name>Павлова П.П.</Name>
    <FlightDate>2021-10-23T00:00:00</FlightDate>
  </Application>
  <Application>
    <Number>93</Number>
    <Destination>Бангкок,Тайланд</Destination>
    <FlightNumber>OK3889</FlightNumber>
    <Name>Павлова П.П.</Name>
    <FlightDate>2021-04-24T00:00:00</FlightDate>
  </Application>
  <Application>
    <Number>55</Number>
    <Destination>Лондон,Великобритания</Destination>
    <FlightNumber>JD2191</FlightNumber>
    <Name>Золотарева Е.К.</Name>
    <FlightDate>2022-04-15T00:00:00</FlightDate>
  </Application>
  <Application>
    <Number>59</Number>
    <Destination>Кабул,Афганистан</Destination>
    <FlightNumber>XP3412</FlightNumber>
    <Name>Шишков А.Г.</Name>
    <FlightDate>2021-07-26T00:00:00</FlightDate>
  </Application>
  <Application>
    <Number>83</Number>
    <Destination>Киев,Украина</Destination>
    <FlightNumber>IY2055</FlightNumber>
    <Name>Кузьмин В.И.</Name>
    <FlightDate>2021-11-26T00:00:00</FlightDate>
  </Application>
  <Application>
    <Number>18</Number>
    <Destination>Барселона,Испания</Destination>
    <FlightNumber>QQ3155</FlightNumber>
    <Name>Чернобровкина А.В.</Name>
    <FlightDate>2021-11-01T00:00:00</FlightDate>
  </Application>
  <Application>
    <Number>1</Number>
    <Destination>Палембанг,Индонезия</Destination>
    <FlightNumber>SJ2985</FlightNumber>
    <Name>Шевцова А.К</Name>
    <FlightDate>2021-06-09T00:00:00</FlightDate>
  </Application>
</ArrayOfApplication>