<?xml version="1.0"?>
<ArrayOfRequestAirTicket xmlns:xsi="http://www.w3.org/2001/XMLSchema-instance" xmlns:xsd="http://www.w3.org/2001/XMLSchema">
  <RequestAirTicket>
    <NumberRequest>98</NumberRequest>
    <Destination>Финляндия</Destination>
    <FlightNumber>LM381</FlightNumber>
    <FullName>Филатов О.Д.</FullName>
    <DepartureDate>2021-11-01T00:00:00</DepartureDate>
  </RequestAirTicket>
  <RequestAirTicket>
    <NumberRequest>32</NumberRequest>
    <Destination>Нидерланды</Destination>
    <FlightNumber>SR384</FlightNumber>
    <FullName>Богдан С.Р.</FullName>
    <DepartureDate>2021-11-04T00:00:00</DepartureDate>
  </RequestAirTicket>
  <RequestAirTicket>
    <NumberRequest>15</NumberRequest>
    <Destination>Италия</Destination>
    <FlightNumber>HU362</FlightNumber>
    <FullName>Потапов Л.Д.</FullName>
    <DepartureDate>2021-11-08T00:00:00</DepartureDate>
  </RequestAirTicket>
  <RequestAirTicket>
    <NumberRequest>22</NumberRequest>
    <Destination>Греция</Destination>
    <FlightNumber>OM254</FlightNumber>
    <FullName>Шульга М.О.</FullName>
    <DepartureDate>2021-11-10T00:00:00</DepartureDate>
  </RequestAirTicket>
  <RequestAirTicket>
    <NumberRequest>55</NumberRequest>
    <Destination>Гибралтар</Destination>
    <FlightNumber>SU256</FlightNumber>
    <FullName>Митин Ю.А.</FullName>
    <DepartureDate>2021-11-25T00:00:00</DepartureDate>
  </RequestAirTicket>
  <RequestAirTicket>
    <NumberRequest>68</NumberRequest>
    <Destination>Сингапур</Destination>
    <FlightNumber>SL581</FlightNumber>
    <FullName>Тюрина О.Ю.</FullName>
    <DepartureDate>2021-12-12T00:00:00</DepartureDate>
  </RequestAirTicket>
  <RequestAirTicket>
    <NumberRequest>77</NumberRequest>
    <Destination>Австралия</Destination>
    <FlightNumber>NS591</FlightNumber>
    <FullName>Романов А.Р.</FullName>
    <DepartureDate>2021-12-18T00:00:00</DepartureDate>
  </RequestAirTicket>
  <RequestAirTicket>
    <NumberRequest>104</NumberRequest>
    <Destination>Стамбул</Destination>
    <FlightNumber>LM563</FlightNumber>
    <FullName>Заяц С.И.</FullName>
    <DepartureDate>2021-12-27T00:00:00</DepartureDate>
  </RequestAirTicket>
  <RequestAirTicket>
    <NumberRequest>93</NumberRequest>
    <Destination>Стамбул</Destination>
    <FlightNumber>LM563</FlightNumber>
    <FullName>Жуков А.Н.</FullName>
    <DepartureDate>2021-12-27T00:00:00</DepartureDate>
  </RequestAirTicket>
  <RequestAirTicket>
    <NumberRequest>75</NumberRequest>
    <Destination>Египет</Destination>
    <FlightNumber>NM836</FlightNumber>
    <FullName>Полякова В.Д.</FullName>
    <DepartureDate>2022-01-06T00:00:00</DepartureDate>
  </RequestAirTicket>
</ArrayOfRequestAirTicket>