<?xml version="1.0"?>
<ArrayOfApplication xmlns:xsi="http://www.w3.org/2001/XMLSchema-instance" xmlns:xsd="http://www.w3.org/2001/XMLSchema">
  <Application>
    <Number>49</Number>
    <Destination>Киев,Украина</Destination>
    <FlightNumber>HZ4383</FlightNumber>
    <Name>Спекторенко И.Д.</Name>
    <FlightDate>2021-02-09T00:00:00</FlightDate>
  </Application>
  <Application>
    <Number>11</Number>
    <Destination>Иркутск,Россия</Destination>
    <FlightNumber>SN1692</FlightNumber>
    <Name>Краснова Ю.В.</Name>
    <FlightDate>2022-05-02T00:00:00</FlightDate>
  </Application>
  <Application>
    <Number>52</Number>
    <Destination>Ростов-на-Дону,Россия</Destination>
    <FlightNumber>KV4568</FlightNumber>
    <Name>Краснова Ю.В.</Name>
    <FlightDate>2021-10-20T00:00:00</FlightDate>
  </Application>
  <Application>
    <Number>16</Number>
    <Destination>Париж,Франция</Destination>
    <FlightNumber>XT4540</FlightNumber>
    <Name>Спекторенко А.Д.</Name>
    <FlightDate>2021-11-14T00:00:00</FlightDate>
  </Application>
  <Application>
    <Number>94</Number>
    <Destination>Нью-Йорк,США</Destination>
    <FlightNumber>ZT1544</FlightNumber>
    <Name>Макушкин Д.К.</Name>
    <FlightDate>2021-05-10T00:00:00</FlightDate>
  </Application>
  <Application>
    <Number>47</Number>
    <Destination>Киев,Украина</Destination>
    <FlightNumber>JT4705</FlightNumber>
    <Name>Ровенский Б.Ю.</Name>
    <FlightDate>2022-04-18T00:00:00</FlightDate>
  </Application>
  <Application>
    <Number>93</Number>
    <Destination>Палембанг,Индонезия</Destination>
    <FlightNumber>KI3997</FlightNumber>
    <Name>Ровенский Б.Ю.</Name>
    <FlightDate>2021-01-22T00:00:00</FlightDate>
  </Application>
  <Application>
    <Number>41</Number>
    <Destination>Париж,Франция</Destination>
    <FlightNumber>NO2030</FlightNumber>
    <Name>Кулиш Д.А.</Name>
    <FlightDate>2021-11-06T00:00:00</FlightDate>
  </Application>
  <Application>
    <Number>10</Number>
    <Destination>Афины,Греция</Destination>
    <FlightNumber>YO2479</FlightNumber>
    <Name>Чепикова У.Ю.</Name>
    <FlightDate>2022-09-16T00:00:00</FlightDate>
  </Application>
  <Application>
    <Number>33</Number>
    <Destination>Иркутск,Россия</Destination>
    <FlightNumber>LV1307</FlightNumber>
    <Name>Павлова П.П.</Name>
    <FlightDate>2022-04-07T00:00:00</FlightDate>
  </Application>
  <Application>
    <Number>7</Number>
    <Destination>Бангкок,Тайланд</Destination>
    <FlightNumber>LY2564</FlightNumber>
    <Name>Спекторенко И.Д.</Name>
    <FlightDate>2021-01-02T00:00:00</FlightDate>
  </Application>
  <Application>
    <Number>80</Number>
    <Destination>Барселона,Испания</Destination>
    <FlightNumber>AB2162</FlightNumber>
    <Name>Ровенский Б.Ю.</Name>
    <FlightDate>2022-07-16T00:00:00</FlightDate>
  </Application>
  <Application>
    <Number>68</Number>
    <Destination>Париж,Франция</Destination>
    <FlightNumber>HY3884</FlightNumber>
    <Name>Ровенский Б.Ю.</Name>
    <FlightDate>2021-01-19T00:00:00</FlightDate>
  </Application>
  <Application>
    <Number>34</Number>
    <Destination>Багдад,Ирак</Destination>
    <FlightNumber>HZ1140</FlightNumber>
    <Name>Шишков А.Г.</Name>
    <FlightDate>2021-05-08T00:00:00</FlightDate>
  </Application>
  <Application>
    <Number>72</Number>
    <Destination>Каир,Египет</Destination>
    <FlightNumber>KV3015</FlightNumber>
    <Name>Кулиш Д.А.</Name>
    <FlightDate>2021-10-24T00:00:00</FlightDate>
  </Application>
</ArrayOfApplication>