<?xml version="1.0"?>
<ArrayOfRequest xmlns:xsi="http://www.w3.org/2001/XMLSchema-instance" xmlns:xsd="http://www.w3.org/2001/XMLSchema">
  <Request>
    <Number>4</Number>
    <Destination>Лиссабон</Destination>
    <FlightNum>JTF354</FlightNum>
    <Passenger>Лебедев К.Н.</Passenger>
    <DepartureDate>2022-08-09T00:00:00</DepartureDate>
  </Request>
  <Request>
    <Number>1</Number>
    <Destination>Гамбург</Destination>
    <FlightNum>KTH758</FlightNum>
    <Passenger>Абалкин Р.П.</Passenger>
    <DepartureDate>2021-12-27T00:00:00</DepartureDate>
  </Request>
  <Request>
    <Number>3</Number>
    <Destination>Гамбург</Destination>
    <FlightNum>KTH758</FlightNum>
    <Passenger>Абалкин П.Ф.</Passenger>
    <DepartureDate>2021-12-27T00:00:00</DepartureDate>
  </Request>
  <Request>
    <Number>7</Number>
    <Destination>Сидней</Destination>
    <FlightNum>KVR780</FlightNum>
    <Passenger>Соколов П.Ю.</Passenger>
    <DepartureDate>2021-12-27T00:00:00</DepartureDate>
  </Request>
  <Request>
    <Number>8</Number>
    <Destination>Сидней</Destination>
    <FlightNum>KVR780</FlightNum>
    <Passenger>Жукова Ж.Э.</Passenger>
    <DepartureDate>2021-12-27T00:00:00</DepartureDate>
  </Request>
  <Request>
    <Number>10</Number>
    <Destination>Сидней</Destination>
    <FlightNum>KVR780</FlightNum>
    <Passenger>Дунаев И.Р.</Passenger>
    <DepartureDate>2021-12-27T00:00:00</DepartureDate>
  </Request>
  <Request>
    <Number>2</Number>
    <Destination>Кейптаун</Destination>
    <FlightNum>MVT175</FlightNum>
    <Passenger>Олегова Ш.Л.</Passenger>
    <DepartureDate>2022-11-04T00:00:00</DepartureDate>
  </Request>
  <Request>
    <Number>5</Number>
    <Destination>Кейптаун</Destination>
    <FlightNum>MVT175</FlightNum>
    <Passenger>Соколов Н.У.</Passenger>
    <DepartureDate>2022-11-04T00:00:00</DepartureDate>
  </Request>
  <Request>
    <Number>9</Number>
    <Destination>Кейптаун</Destination>
    <FlightNum>MVT175</FlightNum>
    <Passenger>Воликов Ш.A.</Passenger>
    <DepartureDate>2022-11-04T00:00:00</DepartureDate>
  </Request>
  <Request>
    <Number>6</Number>
    <Destination>Будапешт</Destination>
    <FlightNum>PDR957</FlightNum>
    <Passenger>Харламова Э.М.</Passenger>
    <DepartureDate>2021-12-27T00:00:00</DepartureDate>
  </Request>
</ArrayOfRequest>